{"Georgopol_north": [[1738.6666666666665, 1856.0], [1312.0, 1920.0], [1269.3333333333333, 2165.333333333333], [1898.6666666666665, 2378.6666666666665], [1952.0, 2506.6666666666665], [2378.6666666666665, 2602.6666666666665], [2400.0, 2272.0]], "Georgopol_south": [[1482.6666666666665, 2645.333333333333], [1258.6666666666665, 2784.0], [1066.6666666666665, 2837.333333333333], [1034.6666666666665, 3146.6666666666665], [1376.0, 3125.333333333333], [1429.3333333333333, 3264.0], [1589.3333333333333, 3306.6666666666665], [1664.0, 3136.0], [1941.3333333333333, 3104.0], [2144.0, 2954.6666666666665], [2282.6666666666665, 2698.6666666666665], [2069.333333333333, 2560.0], [1845.3333333333333, 2666.6666666666665], [1792.0, 2784.0]], "Getka": [[2357.333333333333, 3509.333333333333], [2048.0, 3562.6666666666665], [1877.3333333333333, 3946.6666666666665], [2026.6666666666665, 4181.333333333333], [2325.333333333333, 4096.0]], "Quarry": [[1600.0, 5514.666666666666], [1205.3333333333333, 5109.333333333333], [1386.6666666666665, 5056.0], [1482.6666666666665, 5109.333333333333], [1600.0, 5024.0], [1632.0, 4821.333333333333], [1834.6666666666665, 4842.666666666666], [1909.3333333333333, 5024.0], [2101.333333333333, 5098.666666666666], [2304.0, 5056.0], [2528.0, 5173.333333333333], [2400.0, 5344.0], [1909.3333333333333, 5365.333333333333]], "Ferry Pier": [[2794.6666666666665, 5376.0], [2581.333333333333, 5482.666666666666], [2517.333333333333, 5813.333333333333], [2624.0, 6069.333333333333], [2752.0, 5856.0], [3050.6666666666665, 5824.0], [3136.0, 5909.333333333333], [3221.333333333333, 5674.666666666666]], "Primorsk": [[1504.0, 5738.666666666666], [1301.3333333333333, 5824.0], [1365.3333333333333, 6165.333333333333], [1589.3333333333333, 6389.333333333333], [1770.6666666666665, 6357.333333333333], [1866.6666666666665, 6304.0], [1813.3333333333333, 6037.333333333333]], "MilitaryBase": [[4448.0, 6080.0], [3733.333333333333, 6410.666666666666], [3786.6666666666665, 6762.666666666666], [5034.666666666666, 6741.333333333333], [5034.666666666666, 6368.0]], "Novorepnoye": [[5909.333333333333, 5824.0], [5642.666666666666, 5877.333333333333], [5429.333333333333, 5834.666666666666], [5450.666666666666, 6058.666666666666], [5706.666666666666, 6090.666666666666], [5834.666666666666, 6090.666666666666], [5994.666666666666, 6325.333333333333], [6368.0, 6186.666666666666], [6250.666666666666, 5909.333333333333]], "Mylta": [[6026.666666666666, 4533.333333333333], [5749.333333333333, 4682.666666666666], [5674.666666666666, 4906.666666666666], [5962.666666666666, 4970.666666666666], [6261.333333333333, 5034.666666666666], [6293.333333333333, 4821.333333333333]], "MyltaPower": [[7082.666666666666, 4074.6666666666665], [6912.0, 4448.0], [6741.333333333333, 4533.333333333333], [6741.333333333333, 4704.0], [6976.0, 4746.666666666666], [7114.666666666666, 4586.666666666666], [7466.666666666666, 4565.333333333333], [7434.666666666666, 4074.6666666666665]], "Lipovka": [[6944.0, 3104.0], [6869.333333333333, 3274.6666666666665], [6912.0, 3594.6666666666665], [7146.666666666666, 3509.333333333333], [7242.666666666666, 3274.6666666666665], [7082.666666666666, 3104.0]], "Rozhok": [[3808.0, 2709.333333333333], [3744.0, 2901.333333333333], [3893.333333333333, 3072.0], [4106.666666666666, 3125.333333333333], [4234.666666666666, 3040.0], [4320.0, 2944.0], [4288.0, 2837.333333333333], [4096.0, 2773.333333333333], [3968.0, 2688.0]], "Yasnaya": [[5280.0, 2154.6666666666665], [5152.0, 2176.0], [4928.0, 2336.0], [5045.333333333333, 2464.0], [5162.666666666666, 2517.333333333333], [5365.333333333333, 2560.0], [5450.666666666666, 2613.333333333333], [5589.333333333333, 2570.6666666666665], [5738.666666666666, 2581.333333333333], [5781.333333333333, 2389.333333333333], [5632.0, 2304.0], [5536.0, 2133.333333333333]], "School": [[4021.333333333333, 3392.0], [4266.666666666666, 3424.0], [4490.666666666666, 3456.0], [4490.666666666666, 3200.0], [4277.333333333333, 3136.0], [4032.0, 3178.6666666666665]], "Ruins": [[2826.6666666666665, 2901.333333333333], [2848.0, 3242.6666666666665], [3061.333333333333, 3456.0], [3285.333333333333, 3498.6666666666665], [3306.6666666666665, 3253.333333333333], [3146.6666666666665, 3082.6666666666665], [2944.0, 2880.0]], "AquaCity": [[3530.6666666666665, 2858.6666666666665], [3317.333333333333, 3072.0], [3381.333333333333, 3253.333333333333], [3573.333333333333, 3296.0], [3669.333333333333, 3114.6666666666665], [3680.0, 2869.333333333333]], "Pochinki": [[3541.333333333333, 3850.6666666666665], [3381.333333333333, 3861.333333333333], [3221.333333333333, 3840.0], [3157.333333333333, 4074.6666666666665], [3338.6666666666665, 4202.666666666666], [3488.0, 4405.333333333333], [3754.6666666666665, 4384.0], [4064.0, 4341.333333333333], [4096.0, 4074.6666666666665], [4053.333333333333, 3850.6666666666665], [3893.333333333333, 3744.0], [3712.0, 3808.0]], "Prison": [[6250.666666666666, 3530.6666666666665], [6069.333333333333, 3712.0], [6122.666666666666, 3914.6666666666665], [6336.0, 3946.6666666666665], [6464.0, 3808.0], [6400.0, 3626.6666666666665]], "Mansion": [[5749.333333333333, 2858.6666666666665], [5856.0, 3050.6666666666665], [6133.333333333333, 3189.333333333333], [6400.0, 3157.333333333333], [6336.0, 2933.333333333333], [6069.333333333333, 2890.6666666666665], [5909.333333333333, 2784.0]], "Stalber": [[6506.666666666666, 618.6666666666666], [6357.333333333333, 1013.3333333333333], [6400.0, 1280.0], [6517.333333333333, 1536.0], [6165.333333333333, 1696.0], [5781.333333333333, 1813.3333333333333], [5408.0, 1920.0], [5109.333333333333, 1610.6666666666665], [4874.666666666666, 1365.3333333333333], [4650.666666666666, 1109.3333333333333], [4501.333333333333, 917.3333333333333], [4704.0, 661.3333333333333], [5109.333333333333, 437.3333333333333], [5461.333333333333, 341.3333333333333], [5813.333333333333, 277.3333333333333], [6122.666666666666, 330.66666666666663]], "Kameshki": [[6624.0, 778.6666666666666], [6432.0, 938.6666666666666], [6442.666666666666, 1162.6666666666665], [6624.0, 1290.6666666666665], [6752.0, 1184.0], [6869.333333333333, 1034.6666666666665], [6773.333333333333, 853.3333333333333]], "Severny": [[3818.6666666666665, 1056.0], [3594.6666666666665, 1173.3333333333333], [3616.0, 1344.0], [3712.0, 1450.6666666666665], [3882.6666666666665, 1472.0], [4010.6666666666665, 1386.6666666666665], [3978.6666666666665, 1109.3333333333333]], "Zharki": [[949.3333333333333, 1098.6666666666665], [917.3333333333333, 1312.0], [949.3333333333333, 1472.0], [1024.0, 1536.0], [1173.3333333333333, 1472.0], [1301.3333333333333, 1365.3333333333333], [1461.3333333333333, 1344.0], [1493.3333333333333, 1141.3333333333333], [1226.6666666666665, 1130.6666666666665], [1066.6666666666665, 1077.3333333333333]], "ShootingRange": [[3274.6666666666665, 1440.0], [3040.0, 1568.0], [3200.0, 1781.3333333333333], [3552.0, 1952.0], [3616.0, 1760.0], [3477.333333333333, 1578.6666666666665]], "Shelter": [[5621.333333333333, 3360.0], [5525.333333333333, 3530.6666666666665], [5280.0, 3733.333333333333], [5504.0, 3893.333333333333], [5610.666666666666, 4064.0], [5909.333333333333, 4010.6666666666665], [5909.333333333333, 3669.333333333333], [5781.333333333333, 3402.6666666666665]], "Farm": [[5226.666666666666, 4330.666666666666], [4864.0, 4266.666666666666], [4725.333333333333, 4501.333333333333], [4832.0, 4650.666666666666], [5034.666666666666, 4853.333333333333], [5034.666666666666, 5098.666666666666], [5312.0, 5034.666666666666], [5589.333333333333, 4981.333333333333], [5674.666666666666, 4704.0], [5493.333333333333, 4405.333333333333]],