{"asd": [[2624.0, 1674.6666666666665], [2154.6666666666665, 2229.333333333333], [2538.6666666666665, 2677.333333333333], [3274.6666666666665, 2016.0]], "bcs": [[5365.333333333333, 1941.3333333333333], [4906.666666666666, 2293.333333333333], [6357.333333333333, 2752.0]]}