{"PowerGrid": [[3189.333333333333, 3285.333333333333], [2986.6666666666665, 3466.6666666666665], [2954.6666666666665, 3722.6666666666665], [3210.6666666666665, 3786.6666666666665], [3445.333333333333, 3637.333333333333], [3402.6666666666665, 3402.6666666666665]], "EIPozo": [[1632.0, 3178.6666666666665], [1866.6666666666665, 3125.333333333333], [2080.0, 3040.0], [2197.333333333333, 2858.6666666666665], [2016.0, 2645.333333333333], [1664.0, 2517.333333333333], [1376.0, 2624.0], [1130.6666666666665, 2677.333333333333], [1024.0, 2858.6666666666665], [1184.0, 3093.333333333333]], "MonteNuevo": [[2037.3333333333333, 3786.6666666666665], [2037.3333333333333, 3786.6666666666665], [1728.0, 3776.0], [1653.3333333333333, 4021.333333333333], [1674.6666666666665, 4256.0], [1664.0, 4480.0], [1802.6666666666665, 4533.333333333333], [2016.0, 4256.0], [2165.333333333333, 4085.333333333333], [2176.0, 3882.6666666666665]], "Pecado": [[3530.6666666666665, 4128.0], [3797.333333333333, 4138.666666666666], [3925.333333333333, 4277.333333333333], [3893.333333333333, 4490.666666666666], [3744.0, 4544.0], [3562.6666666666665, 4469.333333333333]], "Chumacera": [[2474.6666666666665, 5045.333333333333], [2378.6666666666665, 5290.666666666666], [2410.6666666666665, 5536.0], [2570.6666666666665, 5685.333333333333], [2762.6666666666665, 5802.666666666666], [2880.0, 5760.0], [2880.0, 5525.333333333333], [2986.6666666666665, 5408.0], [3178.6666666666665, 5322.666666666666], [3125.333333333333, 5077.333333333333], [2954.6666666666665, 4970.666666666666], [2752.0, 5088.0]], "valledelMar": [[1333.3333333333333, 5813.333333333333], [1173.3333333333333, 5930.666666666666], [1002.6666666666666, 6005.333333333333], [874.6666666666666, 6154.666666666666], [970.6666666666666, 6250.666666666666], [1312.0, 6112.0], [1557.3333333333333, 6112.0], [1717.3333333333333, 6112.0], [1834.6666666666665, 6048.0], [1760.0, 5877.333333333333]], "LosLeones": [[4661.333333333333, 4949.333333333333], [4352.0, 5141.333333333333], [4298.666666666666, 5333.333333333333], [4074.6666666666665, 5418.666666666666], [4128.0, 5600.0], [4170.666666666666, 5728.0], [4352.0, 5738.666666666666], [4501.333333333333, 5749.333333333333], [4565.333333333333, 6069.333333333333], [4725.333333333333, 6133.333333333333], [4800.0, 5898.666666666666], [5066.666666666666, 5866.666666666666], [5194.666666666666, 5589.333333333333], [5248.0, 5322.666666666666], [5098.666666666666, 5109.333333333333], [4853.333333333333, 4981.333333333333]], "PuertoParaiso": [[6389.333333333333, 5973.333333333333], [6165.333333333333, 5984.0], [5941.333333333333, 6016.0], [5866.666666666666, 6208.0], [5898.666666666666, 6389.333333333333], [5984.0, 6528.0], [6080.0, 6549.333333333333], [6261.333333333333, 6485.333333333333], [6400.0, 6304.0], [6506.666666666666, 6272.0]], "impala": [[6176.0, 4885.333333333333], [6517.333333333333, 4842.666666666666], [6570.666666666666, 4448.0], [6730.666666666666, 4330.666666666666], [6602.666666666666, 4117.333333333333], [6389.333333333333, 4213.333333333333], [6282.666666666666, 4448.0], [6144.0, 4576.0]], "ElAzahar": [[6378.666666666666, 2314.6666666666665], [6197.333333333333, 2421.333333333333], [6154.666666666666, 2656.0], [6218.666666666666, 2784.0], [6421.333333333333, 2805.333333333333], [6634.666666666666, 2805.333333333333], [6666.666666666666, 2634.6666666666665], [6634.666666666666, 2464.0]], "MinasGenerales": [[4960.0, 3744.0], [5162.666666666666, 3882.6666666666665], [5376.0, 3861.333333333333], [5493.333333333333, 3637.333333333333], [5408.0, 3392.0], [5130.666666666666, 3413.333333333333]], "Graveyard": [[4885.333333333333, 3445.333333333333], [4693.333333333333, 3509.333333333333], [4522.666666666666, 3552.0], [4352.0, 3562.6666666666665], [4362.666666666666, 3712.0], [4544.0, 3893.333333333333], [4693.333333333333, 3829.333333333333], [4864.0, 3840.0], [4938.666666666666, 3733.333333333333]], "LaBendita": [[4960.0, 3989.333333333333], [4778.666666666666, 4106.666666666666], [4810.666666666666, 4362.666666666666], [5024.0, 4576.0], [5194.666666666666, 4586.666666666666], [5365.333333333333, 4362.666666666666], [5408.0, 4096.0], [5354.666666666666, 3925.333333333333]], "SanMaritin": [[3541.333333333333, 2730.6666666666665], [3498.6666666666665, 2954.6666666666665], [3520.0, 3210.6666666666665], [3776.0, 3285.333333333333], [3968.0, 3232.0], [4149.333333333333, 3200.0], [4181.333333333333, 3050.6666666666665], [4096.0, 2784.0], [3946.6666666666665, 2624.0], [3690.6666666666665, 2624.0]], "Hacienda": [[4352.0, 2602.6666666666665], [4160.0, 2730.6666666666665], [4213.333333333333, 2965.333333333333], [4394.666666666666, 3050.6666666666665], [4522.666666666666, 2944.0], [4522.666666666666, 2752.0]], "WaterTreatment": [[4160.0, 1984.0], [4373.333333333333, 2090.6666666666665], [4480.0, 1994.6666666666665], [4469.333333333333, 1781.3333333333333], [4256.0, 1706.6666666666665], [4181.333333333333, 1834.6666666666665]], "LaCobreria": [[2293.333333333333, 1088.0], [2528.0, 1088.0], [2762.6666666666665, 1098.6666666666665], [2837.333333333333, 1248.0], [2837.333333333333, 1504.0], [2602.6666666666665, 1610.6666666666665], [2357.333333333333, 1589.3333333333333], [2186.6666666666665, 1600.0], [2037.3333333333333, 1504.0], [2250.6666666666665, 1354.6666666666665]], "Alcantara": [[437.3333333333333, 1674.6666666666665], [277.3333333333333, 1717.3333333333333], [117.33333333333333, 1568.0], [138.66666666666666, 1312.0], [341.3333333333333, 1109.3333333333333], [597.3333333333333, 1066.6666666666665], [736.0, 1376.0], [618.6666666666666, 1546.6666666666665]], "CruzdelValle": [[5610.666666666666, 1248.0], [5397.333333333333, 1205.3333333333333], [5269.333333333333, 1344.0], [5290.666666666666, 1578.6666666666665], [5365.333333333333, 1738.6666666666665], [5493.333333333333, 1802.6666666666665], [5664.0, 1717.3333333333333], [5813.333333333333, 1621.3333333333333], [5749.333333333333, 1365.3333333333333]], "TorreAhumada": [[5269.333333333333, 309.3333333333333], [5152.0, 544.0], [5237.333333333333, 736.0], [5386.666666666666, 810.6666666666666], [5493.333333333333, 906.6666666666666], [5653.333333333333, 874.6666666666666], [5706.666666666666, 746.6666666666666], [5706.666666666666, 576.0], [5685.333333333333, 362.66666666666663], [5493.333333333333, 266.66666666666663]], "AquaCity": [[3690.6666666666665, 181.33333333333331], [3370.6666666666665, 288.0], [3349.333333333333, 533.3333333333333], [3413.333333333333, 768.0], [3605.333333333333, 917.3333333333333], [3850.6666666666665, 885.3333333333333], [4064.0, 800.0], [4138.666666666666, 554.6666666666666], [4117.333333333333, 341.3333333333333], [3936.0, 224.0]], "Military": [[6709.333333333333, 202.66666666666666], [6517.333333333333, 309.3333333333333], [6560.0, 501.3333333333333], [6624.0, 640.0], [6890.666666666666, 757.3333333333333], [7114.666666666666, 800.0], [7402.666666666666, 810.6666666666666], [7477.333333333333, 640.0], [7445.333333333333, 416.0], [7456.0, 245.33333333333331], [7072.0, 202.66666666666666]], "TierraBronca": [[6549.333333333333, 938.6666666666666], [6442.666666666666, 1120.0], [6346.666666666666, 1312.0], [6410.666666666666, 1546.6666666666665], [6517.333333333333, 1632.0], [6677.333333333333, 1504.0], [6816.0, 1354.6666666666665], [6901.333333333333, 1162.6666666666665], [6773.333333333333, 981.3333333333333]], "LosHigos": [[2517.333333333333, 7178.666666666666], [2346.6666666666665, 7178.666666666666], [2101.333333333333, 7104.0], [1866.6666666666665, 7189.333333333333], [1824.0, 7381.333333333333], [2090.6666666666665, 7413.333333333333], [2282.6666666666665, 7392.0], [2421.333333333333, 7498.666666666666], [2602.6666666666665, 7509.333333333333], [2741.333333333333, 7488.0], [2794.6666666666665, 7285.333333333333]],